episode_reward_max,episode_reward_min,episode_reward_mean,episode_len_mean,episodes_this_iter,timesteps_this_iter,done,timesteps_total,episodes_total,training_iteration,experiment_id,date,timestamp,time_this_iter_s,time_total_s,pid,hostname,node_ip,time_since_restore,timesteps_since_restore,iterations_since_restore,num_healthy_workers,trial_id,experiment_tag,custom_metrics/bytes_per_rule_mean,custom_metrics/bytes_per_rule_min,custom_metrics/bytes_per_rule_max,custom_metrics/memory_access_mean,custom_metrics/memory_access_min,custom_metrics/memory_access_max,custom_metrics/exceeded_max_depth_mean,custom_metrics/exceeded_max_depth_min,custom_metrics/exceeded_max_depth_max,custom_metrics/tree_depth_mean,custom_metrics/tree_depth_min,custom_metrics/tree_depth_max,custom_metrics/nodes_remaining_mean,custom_metrics/nodes_remaining_min,custom_metrics/nodes_remaining_max,custom_metrics/rules_remaining_mean,custom_metrics/rules_remaining_min,custom_metrics/rules_remaining_max,custom_metrics/num_nodes_mean,custom_metrics/num_nodes_min,custom_metrics/num_nodes_max,custom_metrics/partition_fraction_mean,custom_metrics/partition_fraction_min,custom_metrics/partition_fraction_max,custom_metrics/num_splits_mean,custom_metrics/num_splits_min,custom_metrics/num_splits_max,custom_metrics/tree_depth_valid_mean,custom_metrics/tree_depth_valid_min,custom_metrics/tree_depth_valid_max,custom_metrics/num_nodes_valid_mean,custom_metrics/num_nodes_valid_min,custom_metrics/num_nodes_valid_max,custom_metrics/num_splits_valid_mean,custom_metrics/num_splits_valid_min,custom_metrics/num_splits_valid_max,custom_metrics/bytes_per_rule_valid_mean,custom_metrics/bytes_per_rule_valid_min,custom_metrics/bytes_per_rule_valid_max,custom_metrics/memory_access_valid_mean,custom_metrics/memory_access_valid_min,custom_metrics/memory_access_valid_max,sampler_perf/mean_env_wait_ms,sampler_perf/mean_processing_ms,sampler_perf/mean_inference_ms,info/num_steps_trained,info/num_steps_sampled,info/sample_time_ms,info/load_time_ms,info/grad_time_ms,info/update_time_ms,perf/cpu_util_percent,perf/ram_util_percent,info/learner/default_policy/cur_kl_coeff,info/learner/default_policy/cur_lr,info/learner/default_policy/total_loss,info/learner/default_policy/policy_loss,info/learner/default_policy/vf_loss,info/learner/default_policy/vf_explained_var,info/learner/default_policy/kl,info/learner/default_policy/entropy,info/learner/default_policy/entropy_coeff
-5329.0,-13410.0,-9369.5,826.0,2,1652,False,1652,2,1,88a5a54dea2b4b02b892b1671dbd63ef,2021-08-16_08-16-33,1629101793,29.56136393547058,29.56136393547058,26862,gpu-os03,132.68.52.223,29.56136393547058,1652,1,0,2beb6ed8,"0_rules=_home_lina_NeuroCuts_packet_classification_classbench_acl5_1k,tree_gae_lambda=0.95",81.65273311897107,64.59378349410504,98.71168274383709,72.0,47,97,0.0,0,0,72.0,47,97,44.0,0,88,399.0,0,798,7801.0,7031,8571,0.0,0.0,0.0,826.0,651,1001,nan,47,47,nan,7031,7031,nan,651,651,nan,64.59378349410504,64.59378349410504,nan,47,47,11.765036522368554,2.0556693645368833,1.2859295731375453,1600,1652,24999.844,92.436,4386.711,0.009,32.925,32.6125,0.20000000298023224,4.999999873689376e-05,209.07114,-0.06589049,209.16309,0.000300847,0.028999299,3.1874568,0.009999999776482582
-4627.0,-13410.0,-7788.666666666667,884.3333333333334,1,1001,False,2653,3,2,88a5a54dea2b4b02b892b1671dbd63ef,2021-08-16_08-16-41,1629101801,8.494746685028076,38.05611062049866,26862,gpu-os03,132.68.52.223,38.05611062049866,2653,2,0,2beb6ed8,"0_rules=_home_lina_NeuroCuts_packet_classification_classbench_acl5_1k,tree_gae_lambda=0.95",121.5977134690961,64.59378349410504,201.4876741693462,65.0,47,97,0.0,0,0,65.0,47,97,72.33333333333333,0,129,572.3333333333334,0,919,7658.333333333333,7031,8571,0.0,0.0,0.0,884.3333333333334,651,1001,nan,47,47,nan,7031,7031,nan,651,651,nan,64.59378349410504,64.59378349410504,nan,47,47,10.816146751030006,1.929258278559085,1.2603786255708702,2600,2653,15684.748,47.946,3251.988,0.006,37.800000000000004,32.699999999999996,0.30000001192092896,4.999999873689376e-05,39.584396,-0.112017944,39.71625,0.15027957,0.03842113,3.1356997,0.009999999776482582
-4627.0,-13410.0,-8298.5,913.5,1,1001,False,3654,4,3,88a5a54dea2b4b02b892b1671dbd63ef,2021-08-16_08-16-53,1629101813,11.50144910812378,49.55755972862244,26862,gpu-os03,132.68.52.223,49.55755972862244,3654,3,0,2beb6ed8,"0_rules=_home_lina_NeuroCuts_packet_classification_classbench_acl5_1k,tree_gae_lambda=0.95",115.43890675241158,64.59378349410504,201.4876741693462,59.75,44,97,0.0,0,0,59.75,44,97,61.75,0,129,599.25,0,919,8187.0,7031,9773,0.0,0.0,0.0,913.5,651,1001,nan,47,47,nan,7031,7031,nan,651,651,nan,64.59378349410504,64.59378349410504,nan,47,47,10.224902550619191,1.8243362494713722,1.2386956200119295,3600,3654,13583.537,33.318,2872.04,0.005,37.40625,32.7,0.44999998807907104,4.999999873689376e-05,40.658882,-0.051892452,40.734093,0.37374857,0.017163564,3.1040754,0.009999999776482582
-3010.0,-13410.0,-7396.166666666667,805.5,2,1179,False,4833,6,4,88a5a54dea2b4b02b892b1671dbd63ef,2021-08-16_08-17-09,1629101829,16.35680890083313,65.91436862945557,26862,gpu-os03,132.68.52.223,65.91436862945557,4833,4,0,2beb6ed8,"0_rules=_home_lina_NeuroCuts_packet_classification_classbench_acl5_1k,tree_gae_lambda=0.95",99.01107538406575,36.332261521972136,201.4876741693462,55.0,44,97,0.0,0,0,55.0,44,97,41.166666666666664,0,129,399.5,0,919,7464.333333333333,2737,9773,0.0,0.0,0.0,805.5,294,1001,nan,44,47,nan,2737,9301,nan,294,885,nan,36.332261521972136,95.97856377277598,nan,44,47,9.739058978623275,1.6812358484839791,1.2092025313215615,4700,4833,13689.297,25.649,2739.756,0.005,34.35454545454546,32.70000000000002,0.44999998807907104,4.999999873689376e-05,37.589085,-0.069732584,37.681145,0.47676465,0.018906323,3.0835266,0.009999999776482582
-1484.0,-13410.0,-5062.181818181818,563.7272727272727,5,1368,False,6201,11,5,88a5a54dea2b4b02b892b1671dbd63ef,2021-08-16_08-17-33,1629101853,23.55319094657898,89.46755957603455,26862,gpu-os03,132.68.52.223,89.46755957603455,6201,5,0,2beb6ed8,"0_rules=_home_lina_NeuroCuts_packet_classification_classbench_acl5_1k,tree_gae_lambda=0.95",69.094806586768,24.29581993569132,201.4876741693462,45.45454545454545,25,97,0.0,0,0,45.45454545454545,25,97,22.454545454545453,0,129,217.9090909090909,0,919,5439.545454545455,1797,9773,0.0,0.0,0.0,563.7272727272727,171,1001,nan,25,47,nan,1797,9301,nan,171,885,nan,24.29581993569132,95.97856377277598,nan,25,47,9.716978697612445,1.5139657330337897,1.1880362649074614,6000,6201,15110.029,21.064,2742.059,0.005,33.609375,32.7,0.44999998807907104,4.999999873689376e-05,19.799025,-0.07157754,19.889486,0.6338128,0.025394278,3.0314205,0.009999999776482582
-1484.0,-13410.0,-4854.384615384615,566.2307692307693,2,1160,False,7361,13,6,88a5a54dea2b4b02b892b1671dbd63ef,2021-08-16_08-17-47,1629101867,13.805808067321777,103.27336764335632,26862,gpu-os03,132.68.52.223,103.27336764335632,7361,6,0,2beb6ed8,"0_rules=_home_lina_NeuroCuts_packet_classification_classbench_acl5_1k,tree_gae_lambda=0.95",70.58108665182621,24.29581993569132,201.4876741693462,42.61538461538461,25,97,0.0,0,0,42.61538461538461,25,97,19.0,0,129,184.3846153846154,0,919,5672.307692307692,1797,9773,0.0,0.0,0.0,566.2307692307693,171,1001,nan,25,47,nan,1797,9560,nan,171,885,nan,24.29581993569132,111.46195069667739,nan,25,47,9.662222092568651,1.4764839613898575,1.1857768687462817,7100,7361,14503.056,18.056,2673.225,0.004,36.01052631578947,32.70000000000001,0.675000011920929,4.999999873689376e-05,8.116085,-0.068320304,8.200654,0.66284424,0.019458078,2.9383547,0.009999999776482582
-1161.0,-13410.0,-4446.0,538.9375,3,1262,False,8623,16,7,88a5a54dea2b4b02b892b1671dbd63ef,2021-08-16_08-18-08,1629101888,21.51882004737854,124.79218769073486,26862,gpu-os03,132.68.52.223,124.79218769073486,8623,7,0,2beb6ed8,"0_rules=_home_lina_NeuroCuts_packet_classification_classbench_acl5_1k,tree_gae_lambda=0.95",68.41988210075027,24.29581993569132,201.4876741693462,39.8125,22,97,0.0,0,0,39.8125,22,97,15.4375,0,129,149.8125,0,919,5609.5625,1797,11537,0.0,0.0,0.0,538.9375,171,1001,nan,22,47,nan,1797,11537,nan,171,902,nan,24.29581993569132,123.93569131832797,nan,22,47,9.698536626583952,1.4354251336727832,1.1809206121976352,8300,8623,15139.501,15.93,2655.801,0.004,34.34137931034482,32.70000000000001,0.675000011920929,4.999999873689376e-05,8.635233,-0.077385895,8.7261715,0.6707557,0.02270876,2.8881483,0.009999999776482582
-1128.0,-13410.0,-4184.368421052632,544.7894736842105,3,1728,False,10351,19,8,88a5a54dea2b4b02b892b1671dbd63ef,2021-08-16_08-18-36,1629101916,27.86824631690979,152.66043400764465,26862,gpu-os03,132.68.52.223,152.66043400764465,10351,8,0,2beb6ed8,"0_rules=_home_lina_NeuroCuts_packet_classification_classbench_acl5_1k,tree_gae_lambda=0.95",72.8273255485982,24.29581993569132,201.4876741693462,37.473684210526315,22,97,0.0,0,0,37.473684210526315,22,97,15.736842105263158,0,129,168.78947368421052,0,919,5942.421052631579,1797,13195,0.0,0.0,0.0,544.7894736842105,171,1001,nan,22,47,nan,1797,11537,nan,171,902,nan,24.29581993569132,123.93569131832797,nan,22,47,9.771697174931012,1.404432330690778,1.1781295163228769,10000,10351,16277.895,14.341,2775.368,0.004,34.097297297297295,32.70000000000001,1.0125000476837158,4.999999873689376e-05,4.4406085,-0.08094244,4.529643,0.74668187,0.018946001,2.7274885,0.009999999776482582
-678.0,-13410.0,-3740.521739130435,498.7826086956522,4,1121,False,11472,23,9,88a5a54dea2b4b02b892b1671dbd63ef,2021-08-16_08-19-24,1629101964,47.9471321105957,200.60756611824036,26862,gpu-os03,132.68.52.223,200.60756611824036,11472,9,0,2beb6ed8,"0_rules=_home_lina_NeuroCuts_packet_classification_classbench_acl5_1k,tree_gae_lambda=0.95",68.27680693415351,24.29581993569132,201.4876741693462,35.391304347826086,17,97,0.0,0,0,35.391304347826086,17,97,13.0,0,129,139.43478260869566,0,919,5613.217391304348,1797,13195,0.0,0.0,0.0,498.7826086956522,143,1001,nan,17,47,nan,1797,11537,nan,143,902,nan,24.29581993569132,123.93569131832797,nan,17,47,10.322235813896427,1.372000370969755,1.1742703200781843,11100,11472,19537.927,13.118,2724.547,0.004,30.549180327868857,32.7,1.0125000476837158,4.999999873689376e-05,5.2886863,-0.10429288,5.398605,0.7870115,0.021272361,2.716415,0.009999999776482582
-678.0,-13410.0,-3511.423076923077,485.5769230769231,3,1153,False,12625,26,10,88a5a54dea2b4b02b892b1671dbd63ef,2021-08-16_08-19-48,1629101988,24.251689910888672,224.85925602912903,26862,gpu-os03,132.68.52.223,224.85925602912903,12625,10,0,2beb6ed8,"0_rules=_home_lina_NeuroCuts_packet_classification_classbench_acl5_1k,tree_gae_lambda=0.95",68.80385852090033,24.29581993569132,201.4876741693462,33.69230769230769,16,97,0.0,0,0,33.69230769230769,16,97,11.5,0,129,123.34615384615384,0,919,5677.115384615385,1797,13195,0.0,0.0,0.0,485.5769230769231,143,1001,nan,16,47,nan,1797,11537,nan,143,902,nan,24.29581993569132,126.58949624866024,nan,16,47,10.663515797963878,1.3539447740677937,1.1715862877324736,12200,12625,19774.857,12.121,2685.398,0.004,33.336363636363636,32.7,1.5187499523162842,4.999999873689376e-05,3.096663,-0.07626427,3.1776087,0.75782293,0.013598967,2.5335257,0.009999999776482582
-678.0,-13410.0,-3241.366666666667,463.9,4,1292,False,13917,30,11,88a5a54dea2b4b02b892b1671dbd63ef,2021-08-16_08-20-18,1629102018,30.090269088745117,254.94952511787415,26862,gpu-os03,132.68.52.223,254.94952511787415,13917,11,0,2beb6ed8,"0_rules=_home_lina_NeuroCuts_packet_classification_classbench_acl5_1k,tree_gae_lambda=0.95",68.62543765630583,22.979635584137192,201.4876741693462,31.933333333333334,16,97,0.0,0,0,31.933333333333334,16,97,9.966666666666667,0,129,106.9,0,919,5588.566666666667,1647,13195,0.0,0.0,0.0,463.9,119,1001,nan,16,47,nan,1647,11537,nan,119,902,nan,22.979635584137192,126.58949624866024,nan,16,47,11.08513709002324,1.3332824002911974,1.1682043535018904,13400,13917,20028.3,3.129,2501.32,0.003,32.52926829268293,32.7,1.5187499523162842,4.999999873689376e-05,2.4109395,-0.093549795,2.508416,0.80986863,0.013195969,2.3968163,0.009999999776482582
-605.0,-13410.0,-2724.8947368421054,402.3157894736842,8,1371,False,15288,38,12,88a5a54dea2b4b02b892b1671dbd63ef,2021-08-16_08-20-46,1629102046,27.269924879074097,282.21944999694824,26862,gpu-os03,132.68.52.223,282.21944999694824,15288,12,0,2beb6ed8,"0_rules=_home_lina_NeuroCuts_packet_classification_classbench_acl5_1k,tree_gae_lambda=0.95",61.760478366333835,22.979635584137192,201.4876741693462,29.394736842105264,16,97,0.0,0,0,29.394736842105264,16,97,7.868421052631579,0,129,84.39473684210526,0,919,5005.131578947368,1647,13195,0.0,0.0,0.0,402.3157894736842,115,1001,nan,16,47,nan,1647,11537,nan,115,902,nan,22.979635584137192,126.58949624866024,nan,16,47,11.69594182362201,1.3039031901072395,1.1626485990782534,14700,15288,21842.065,3.16,2564.549,0.003,32.64444444444444,32.70000000000001,1.5187499523162842,4.999999873689376e-05,2.5786939,-0.070552856,2.6532075,0.82434654,0.0135708265,2.4571526,0.009999999776482582
-476.0,-13410.0,-2477.090909090909,377.45454545454544,6,1320,False,16608,44,13,88a5a54dea2b4b02b892b1671dbd63ef,2021-08-16_08-21-18,1629102078,32.4092013835907,314.62865138053894,26862,gpu-os03,132.68.52.223,314.62865138053894,16608,13,0,2beb6ed8,"0_rules=_home_lina_NeuroCuts_packet_classification_classbench_acl5_1k,tree_gae_lambda=0.95",59.839618045405814,22.928188638799572,201.4876741693462,27.863636363636363,16,97,0.0,0,0,27.863636363636363,16,97,6.795454545454546,0,129,72.88636363636364,0,919,4828.613636363636,1617,13195,0.0,0.0,0.0,377.45454545454544,101,1001,nan,16,47,nan,1617,11537,nan,101,902,nan,22.928188638799572,126.58949624866024,nan,16,47,12.07599868355945,1.288286064498311,1.1591525840499342,16000,16608,23870.204,3.028,2626.782,0.003,32.89767441860465,32.7,1.5187499523162842,4.999999873689376e-05,1.8293359,-0.07520543,1.9097729,0.82164997,0.0116691645,2.2954392,0.009999999776482582
-356.0,-13410.0,-2280.22,355.66,6,1175,False,17783,50,14,88a5a54dea2b4b02b892b1671dbd63ef,2021-08-16_08-21-38,1629102098,19.649385690689087,334.278037071228,26862,gpu-os03,132.68.52.223,334.278037071228,17783,14,0,2beb6ed8,"0_rules=_home_lina_NeuroCuts_packet_classification_classbench_acl5_1k,tree_gae_lambda=0.95",57.95386923901394,22.928188638799572,201.4876741693462,26.8,14,97,0.0,0,0,26.8,14,97,5.98,0,129,64.14,0,919,4666.74,1617,13195,0.0,0.0,0.0,355.66,98,1001,nan,14,47,nan,1617,11537,nan,98,902,nan,22.928188638799572,126.58949624866024,nan,14,47,12.34992878656567,1.275088100013014,1.1561175578790819,17100,17783,24200.531,3.037,2625.151,0.003,33.7037037037037,32.70000000000001,1.5187499523162842,4.999999873689376e-05,6.0103207,-0.07079501,6.0856934,0.66173357,0.011768893,2.2452009,0.009999999776482582
-356.0,-13410.0,-2093.315789473684,334.43859649122805,7,1280,False,19063,57,15,88a5a54dea2b4b02b892b1671dbd63ef,2021-08-16_08-22-09,1629102129,31.337237119674683,365.6152741909027,26862,gpu-os03,132.68.52.223,365.6152741909027,19063,15,0,2beb6ed8,"0_rules=_home_lina_NeuroCuts_packet_classification_classbench_acl5_1k,tree_gae_lambda=0.95",56.12414208081834,22.928188638799572,201.4876741693462,25.859649122807017,14,97,0.0,0,0,25.859649122807017,14,97,5.245614035087719,0,129,56.26315789473684,0,919,4496.210526315789,1617,13195,0.0,0.0,0.0,334.43859649122805,98,1001,nan,14,47,nan,1617,11537,nan,98,902,nan,22.928188638799572,126.58949624866024,nan,14,47,12.646029589690269,1.2619119384887607,1.153175565981327,18300,19063,25001.072,3.045,2602.607,0.003,31.82195121951219,32.7,1.5187499523162842,4.999999873689376e-05,6.2450786,-0.05110249,6.3030467,0.6524397,0.009546291,2.136381,0.009999999776482582
-337.0,-13410.0,-1932.734375,314.828125,7,1086,False,20149,64,16,88a5a54dea2b4b02b892b1671dbd63ef,2021-08-16_08-22-35,1629102155,26.00687575340271,391.6221499443054,26862,gpu-os03,132.68.52.223,391.6221499443054,20149,16,0,2beb6ed8,"0_rules=_home_lina_NeuroCuts_packet_classification_classbench_acl5_1k,tree_gae_lambda=0.95",54.142450428724544,22.227224008574492,201.4876741693462,25.015625,14,97,0.0,0,0,25.015625,14,97,4.671875,0,129,50.109375,0,919,4310.390625,1505,13195,0.0,0.0,0.0,314.828125,89,1001,nan,14,47,nan,1505,11537,nan,89,902,nan,22.227224008574492,126.58949624866024,nan,14,47,12.906598838266397,1.2507450646444016,1.151434507872348,19300,20149,26241.877,3.064,2581.404,0.003,32.18000000000001,32.70000000000001,1.5187499523162842,4.999999873689376e-05,1.8249903,-0.07765065,1.9048052,0.82800496,0.012184173,2.0668783,0.009999999776482582
-337.0,-13410.0,-1804.9859154929577,301.36619718309856,7,1248,False,21397,71,17,88a5a54dea2b4b02b892b1671dbd63ef,2021-08-16_08-23-04,1629102184,28.614810705184937,420.23696064949036,26862,gpu-os03,132.68.52.223,420.23696064949036,21397,17,0,2beb6ed8,"0_rules=_home_lina_NeuroCuts_packet_classification_classbench_acl5_1k,tree_gae_lambda=0.95",53.240553718883504,22.227224008574492,201.4876741693462,24.169014084507044,13,97,0.0,0,0,24.169014084507044,13,97,4.211267605633803,0,129,45.16901408450704,0,919,4213.352112676056,1505,13195,0.0,0.0,0.0,301.36619718309856,89,1001,nan,13,47,nan,1505,11537,nan,89,902,nan,22.227224008574492,126.58949624866024,nan,13,47,13.135699186808537,1.240989172597242,1.1512413994106905,20500,21397,26951.623,2.994,2580.932,0.003,31.89189189189189,32.70000000000001,1.5187499523162842,4.999999873689376e-05,1.4321012,-0.075187564,1.5091219,0.8094917,0.011443214,1.9212447,0.009999999776482582
-260.0,-13410.0,-1732.921052631579,294.80263157894734,5,1008,False,22405,76,18,88a5a54dea2b4b02b892b1671dbd63ef,2021-08-16_08-23-23,1629102203,18.762794494628906,438.99975514411926,26862,gpu-os03,132.68.52.223,438.99975514411926,22405,18,0,2beb6ed8,"0_rules=_home_lina_NeuroCuts_packet_classification_classbench_acl5_1k,tree_gae_lambda=0.95",53.20601342584759,22.227224008574492,201.4876741693462,23.61842105263158,13,97,0.0,0,0,23.61842105263158,13,97,3.9342105263157894,0,129,42.19736842105263,0,919,4210.776315789473,1505,13405,0.0,0.0,0.0,294.80263157894734,82,1001,nan,13,47,nan,1505,13405,nan,82,902,nan,22.227224008574492,164.14147909967846,nan,13,47,13.270417873306277,1.2347663319999116,1.151439693185038,21500,22405,26189.393,2.969,2432.038,0.003,34.11153846153846,32.7,1.5187499523162842,4.999999873689376e-05,1.1203605,-0.08052658,1.1996092,0.85222924,0.01258965,1.7842544,0.009999999776482582
-260.0,-13410.0,-1630.6506024096386,282.87951807228916,7,1074,False,23479,83,19,88a5a54dea2b4b02b892b1671dbd63ef,2021-08-16_08-23-41,1629102221,18.657970905303955,457.6577260494232,26862,gpu-os03,132.68.52.223,457.6577260494232,23479,19,0,2beb6ed8,"0_rules=_home_lina_NeuroCuts_packet_classification_classbench_acl5_1k,tree_gae_lambda=0.95",52.21469802037732,22.227224008574492,201.4876741693462,22.819277108433734,12,97,0.0,0,0,22.819277108433734,12,97,3.602409638554217,0,129,38.63855421686747,0,919,4119.22891566265,1505,13405,0.0,0.0,0.0,282.87951807228916,82,1001,nan,12,47,nan,1505,13405,nan,82,902,nan,22.227224008574492,164.14147909967846,nan,12,47,13.424257116484231,1.226843951094469,1.1514344497593816,22500,23479,23278.665,2.925,2413.457,0.003,32.788000000000004,32.7,1.5187499523162842,4.999999873689376e-05,0.71896833,-0.07468978,0.7937261,0.8833049,0.011743525,1.7903492,0.009999999776482582
-260.0,-13410.0,-1543.888888888889,273.1666666666667,7,1106,False,24585,90,20,88a5a54dea2b4b02b892b1671dbd63ef,2021-08-16_08-23-59,1629102239,17.729194164276123,475.38692021369934,26862,gpu-os03,132.68.52.223,475.38692021369934,24585,20,0,2beb6ed8,"0_rules=_home_lina_NeuroCuts_packet_classification_classbench_acl5_1k,tree_gae_lambda=0.95",51.5319518875789,22.227224008574492,201.4876741693462,22.144444444444446,12,97,0.0,0,0,22.144444444444446,12,97,3.3222222222222224,0,129,35.63333333333333,0,919,4064.1,1505,13405,0.0,0.0,0.0,273.1666666666667,82,1001,nan,12,47,nan,1505,13405,nan,82,902,nan,22.227224008574492,164.14147909967846,nan,12,47,13.542633834732813,1.2197150913378096,1.151246216386991,23600,24585,22628.528,2.857,2411.093,0.003,33.895833333333336,32.7,1.5187499523162842,4.999999873689376e-05,1.2203791,-0.076630175,1.2955753,0.8010027,0.012022563,1.6825279,0.009999999776482582
-260.0,-13410.0,-1513.8191489361702,272.86170212765956,4,1064,False,25649,94,21,88a5a54dea2b4b02b892b1671dbd63ef,2021-08-16_08-24-19,1629102259,20.30043053627014,495.6873507499695,26862,gpu-os03,132.68.52.223,495.6873507499695,25649,21,0,2beb6ed8,"0_rules=_home_lina_NeuroCuts_packet_classification_classbench_acl5_1k,tree_gae_lambda=0.95",52.5295660304212,22.227224008574492,201.4876741693462,21.75531914893617,12,97,0.0,0,0,21.75531914893617,12,97,3.1808510638297873,0,129,34.11702127659574,0,919,4148.521276595745,1505,13405,0.0,0.0,0.0,272.86170212765956,82,1001,nan,12,47,nan,1505,13405,nan,82,902,nan,22.227224008574492,164.14147909967846,nan,12,47,13.602110765343033,1.2161800667536178,1.151058493895668,24600,25649,21693.137,2.869,2366.958,0.003,33.55357142857143,32.70000000000001,1.5187499523162842,4.999999873689376e-05,0.46247894,-0.07642273,0.5374502,0.89727515,0.01053452,1.454781,0.009999999776482582
-219.0,-9828.0,-1271.94,250.2,8,1023,False,26672,102,22,88a5a54dea2b4b02b892b1671dbd63ef,2021-08-16_08-24-35,1629102275,15.822520971298218,511.5098717212677,26862,gpu-os03,132.68.52.223,511.5098717212677,26672,22,0,2beb6ed8,"0_rules=_home_lina_NeuroCuts_packet_classification_classbench_acl5_1k,tree_gae_lambda=0.95",50.67371918542335,22.227224008574492,201.4876741693462,20.35,12,51,0.0,0,0,20.35,12,51,2.11,0,129,24.09,0,919,3966.77,1505,13405,0.0,0.0,0.0,250.2,74,1001,nan,12,47,nan,1505,13405,nan,74,902,nan,22.227224008574492,164.14147909967846,nan,12,47,13.734203477833052,1.192651899501272,1.148293134261084,25600,26672,20612.433,2.741,2302.819,0.003,33.85454545454545,32.70000000000002,1.5187499523162842,4.999999873689376e-05,2.786157,-0.053262092,2.8412442,0.77204174,0.009302137,1.5953045,0.009999999776482582
-219.0,-8173.0,-1128.6,237.73,3,1049,False,27721,105,23,88a5a54dea2b4b02b892b1671dbd63ef,2021-08-16_08-24-57,1629102297,21.286171674728394,532.7960433959961,26862,gpu-os03,132.68.52.223,532.7960433959961,27721,23,0,2beb6ed8,"0_rules=_home_lina_NeuroCuts_packet_classification_classbench_acl5_1k,tree_gae_lambda=0.95",50.40578778135049,22.227224008574492,203.5262593783494,19.34,12,44,0.0,0,0,19.34,12,44,0.52,0,52,8.1,0,810,4016.67,1505,16717,0.0,0.0,0.0,237.73,74,1001,nan,12,44,nan,1505,16717,nan,74,902,nan,22.227224008574492,203.5262593783494,nan,12,44,13.918004546960617,1.1806966184084404,1.147557966962216,26600,27721,19562.744,2.734,2239.972,0.003,32.425,32.70000000000001,1.5187499523162842,4.999999873689376e-05,0.39434606,-0.08018205,0.46855837,0.9061095,0.012112709,1.2426442,0.009999999776482582
-219.0,-5637.0,-1048.51,237.17,3,1293,False,29014,108,24,88a5a54dea2b4b02b892b1671dbd63ef,2021-08-16_08-25-24,1629102324,27.288835287094116,560.0848786830902,26862,gpu-os03,132.68.52.223,560.0848786830902,29014,24,0,2beb6ed8,"0_rules=_home_lina_NeuroCuts_packet_classification_classbench_acl5_1k,tree_gae_lambda=0.95",52.689817792068595,22.227224008574492,203.5262593783494,18.79,12,37,0.0,0,0,18.79,12,37,0.52,0,52,8.1,0,810,4194.17,1505,16717,0.0,0.0,0.0,237.17,74,1001,nan,12,37,nan,1505,16717,nan,74,902,nan,22.227224008574492,203.5262593783494,nan,12,37,14.084560682710878,1.1742123594742402,1.1473179985067872,27800,29014,20305.223,2.743,2261.171,0.004,33.07027027027027,32.70000000000001,1.5187499523162842,4.999999873689376e-05,3.9512875,-0.050940707,4.00388,0.70298123,0.00676257,1.1922309,0.009999999776482582
-209.0,-5637.0,-914.09,224.87,7,1194,False,30208,115,25,88a5a54dea2b4b02b892b1671dbd63ef,2021-08-16_08-25-44,1629102344,20.209784746170044,580.2946634292603,26862,gpu-os03,132.68.52.223,580.2946634292603,30208,25,0,2beb6ed8,"0_rules=_home_lina_NeuroCuts_packet_classification_classbench_acl5_1k,tree_gae_lambda=0.95",53.14932475884244,22.227224008574492,203.5262593783494,17.63,11,36,0.0,0,0,17.63,11,36,0.52,0,52,8.1,0,810,4204.22,1505,16717,0.0,0.0,0.0,224.87,73,1001,nan,11,36,nan,1505,16717,nan,73,902,nan,22.227224008574492,203.5262593783494,nan,11,36,14.448745638590438,1.1626646101709577,1.1465083069943105,28900,30208,19210.995,2.726,2242.347,0.004,32.31481481481482,32.70000000000001,1.5187499523162842,4.999999873689376e-05,0.5324156,-0.06445247,0.5988988,0.8936993,0.006944995,1.257834,0.009999999776482582
-201.0,-3254.0,-789.94,206.93,6,1230,False,31438,121,26,88a5a54dea2b4b02b892b1671dbd63ef,2021-08-16_08-26-05,1629102365,20.371155500411987,600.6658189296722,26862,gpu-os03,132.68.52.223,600.6658189296722,31438,26,0,2beb6ed8,"0_rules=_home_lina_NeuroCuts_packet_classification_classbench_acl5_1k,tree_gae_lambda=0.95",52.14915326902465,22.227224008574492,203.5262593783494,16.95,11,36,0.0,0,0,16.95,11,36,0.0,0,0,0.0,0,0,4106.56,1505,16717,0.0,0.0,0.0,206.93,65,680,16.95,11,36,4106.56,1505,16717,206.93,65,680,52.14915326902465,22.227224008574492,203.5262593783494,16.95,11,36,14.671162509091817,1.1555688855454622,1.1462840879166913,30100,31438,18606.431,2.75,2283.133,0.004,34.63448275862069,32.70000000000001,1.5187499523162842,4.999999873689376e-05,0.31926098,-0.05396427,0.37162825,0.9252743,0.008348039,1.108159,0.009999999776482582
-201.0,-2369.0,-723.65,198.88,5,1075,False,32513,126,27,88a5a54dea2b4b02b892b1671dbd63ef,2021-08-16_08-26-24,1629102384,19.343116283416748,620.008935213089,26862,gpu-os03,132.68.52.223,620.008935213089,32513,27,0,2beb6ed8,"0_rules=_home_lina_NeuroCuts_packet_classification_classbench_acl5_1k,tree_gae_lambda=0.95",52.16668810289391,22.227224008574492,203.5262593783494,16.3,11,36,0.0,0,0,16.3,11,36,0.0,0,0,0.0,0,0,4093.04,1505,16717,0.0,0.0,0.0,198.88,65,680,16.3,11,36,4093.04,1505,16717,198.88,65,680,52.16668810289391,22.227224008574492,203.5262593783494,16.3,11,36,14.749501769551696,1.150652583899011,1.146358039364017,31100,32513,17721.258,2.752,2241.008,0.004,33.01538461538462,32.7,1.5187499523162842,4.999999873689376e-05,0.23943064,-0.07839899,0.31590053,0.9297457,0.008145736,1.0442284,0.009999999776482582
-201.0,-2206.0,-680.51,193.64,6,1050,False,33563,132,28,88a5a54dea2b4b02b892b1671dbd63ef,2021-08-16_08-26-45,1629102405,21.163259029388428,641.1721942424774,26862,gpu-os03,132.68.52.223,641.1721942424774,33563,28,0,2beb6ed8,"0_rules=_home_lina_NeuroCuts_packet_classification_classbench_acl5_1k,tree_gae_lambda=0.95",52.30816720257235,22.227224008574492,203.5262593783494,15.73,10,36,0.0,0,0,15.73,10,36,0.0,0,0,0.0,0,0,4120.28,1505,16717,0.0,0.0,0.0,193.64,65,680,15.73,10,36,4120.28,1505,16717,193.64,65,680,52.30816720257235,22.227224008574492,203.5262593783494,15.73,10,36,14.801424605102014,1.145731439413279,1.1471181419484728,32100,33563,17961.169,2.768,2240.975,0.004,33.07931034482759,32.70000000000001,1.5187499523162842,4.999999873689376e-05,0.20148341,-0.07055255,0.2691836,0.9369634,0.008346522,0.9823905,0.009999999776482582
-201.0,-2206.0,-664.53,194.63,6,1188,False,34751,138,29,88a5a54dea2b4b02b892b1671dbd63ef,2021-08-16_08-27-09,1629102429,24.207298040390015,665.3794922828674,26862,gpu-os03,132.68.52.223,665.3794922828674,34751,29,0,2beb6ed8,"0_rules=_home_lina_NeuroCuts_packet_classification_classbench_acl5_1k,tree_gae_lambda=0.95",53.806966773847805,22.227224008574492,203.5262593783494,15.25,10,36,0.0,0,0,15.25,10,36,0.0,0,0,0.0,0,0,4253.64,1505,16717,0.0,0.0,0.0,194.63,65,680,15.25,10,36,4253.64,1505,16717,194.63,65,680,53.806966773847805,22.227224008574492,203.5262593783494,15.25,10,36,14.849449728350248,1.1408456261010755,1.1484808283477101,33200,34751,18495.168,2.725,2261.964,0.004,32.96875,32.703125,1.5187499523162842,4.999999873689376e-05,0.185951,-0.04526012,0.23101197,0.9405025,0.0060077338,0.8925113,0.009999999776482582
-201.0,-2206.0,-628.51,188.93,8,1163,False,35914,146,30,88a5a54dea2b4b02b892b1671dbd63ef,2021-08-16_08-27-29,1629102449,19.92039179801941,685.2998840808868,26862,gpu-os03,132.68.52.223,685.2998840808868,35914,30,0,2beb6ed8,"0_rules=_home_lina_NeuroCuts_packet_classification_classbench_acl5_1k,tree_gae_lambda=0.95",53.69997856377278,22.227224008574492,203.5262593783494,14.79,10,36,0.0,0,0,14.79,10,36,0.0,0,0,0.0,0,0,4260.18,1505,16717,0.0,0.0,0.0,188.93,65,680,14.79,10,36,4260.18,1505,16717,188.93,65,680,53.69997856377278,22.227224008574492,203.5262593783494,14.79,10,36,14.871161290312125,1.1346564864542525,1.1509217001649672,34300,35914,18710.009,2.774,2266.079,0.004,33.7074074074074,32.70000000000001,1.5187499523162842,4.999999873689376e-05,0.2993297,-0.06600582,0.36277816,0.92249274,0.008047913,0.96654266,0.009999999776482582
-201.0,-2206.0,-622.97,192.27,4,1096,False,37010,150,31,88a5a54dea2b4b02b892b1671dbd63ef,2021-08-16_08-27-52,1629102472,22.613149404525757,707.9130334854126,26862,gpu-os03,132.68.52.223,707.9130334854126,37010,31,0,2beb6ed8,"0_rules=_home_lina_NeuroCuts_packet_classification_classbench_acl5_1k,tree_gae_lambda=0.95",55.63140407288318,22.227224008574492,203.5262593783494,14.39,10,36,0.0,0,0,14.39,10,36,0.0,0,0,0.0,0,0,4428.04,1505,16717,0.0,0.0,0.0,192.27,65,680,14.39,10,36,4428.04,1505,16717,192.27,65,680,55.63140407288318,22.227224008574492,203.5262593783494,14.39,10,36,14.887719320468943,1.131977667461001,1.1521527860822076,35300,37010,18939.456,2.745,2268.108,0.004,31.72413793103448,32.70000000000001,1.5187499523162842,4.999999873689376e-05,0.13573831,-0.04474328,0.18116315,0.95299596,0.0042700716,0.7166721,0.009999999776482582
-201.0,-2206.0,-638.35,200.33,4,1283,False,38293,154,32,88a5a54dea2b4b02b892b1671dbd63ef,2021-08-16_08-28-16,1629102496,24.472394704818726,732.3854281902313,26862,gpu-os03,132.68.52.223,732.3854281902313,38293,32,0,2beb6ed8,"0_rules=_home_lina_NeuroCuts_packet_classification_classbench_acl5_1k,tree_gae_lambda=0.95",58.70338692390139,22.227224008574492,203.5262593783494,14.15,10,36,0.0,0,0,14.15,10,36,0.0,0,0,0.0,0,0,4703.16,1505,16717,0.0,0.0,0.0,200.33,65,680,14.15,10,36,4703.16,1505,16717,200.33,65,680,58.70338692390139,22.227224008574492,203.5262593783494,14.15,10,36,14.888098991941593,1.1296110284093797,1.1536609628701444,36500,38293,19760.055,2.82,2312.473,0.004,33.25454545454545,32.7,0.7593749761581421,4.999999873689376e-05,0.11933074,-0.044190023,0.16318488,0.9589722,0.009051687,0.6537722,0.009999999776482582
-201.0,-2206.0,-599.86,193.98,9,1041,False,39334,163,33,88a5a54dea2b4b02b892b1671dbd63ef,2021-08-16_08-28-36,1629102516,19.92371964454651,752.3091478347778,26862,gpu-os03,132.68.52.223,752.3091478347778,39334,33,0,2beb6ed8,"0_rules=_home_lina_NeuroCuts_packet_classification_classbench_acl5_1k,tree_gae_lambda=0.95",58.13082529474812,21.90353697749196,203.5262593783494,13.57,10,36,0.0,0,0,13.57,10,36,0.0,0,0,0.0,0,0,4667.2,1517,16717,0.0,0.0,0.0,193.98,63,680,13.57,10,36,4667.2,1517,16717,193.98,63,680,58.13082529474812,21.90353697749196,203.5262593783494,13.57,10,36,14.87297275861687,1.1245559595793564,1.1569302664963046,37500,39334,19621.634,2.856,2314.582,0.004,33.08518518518518,32.70000000000001,0.7593749761581421,4.999999873689376e-05,0.5571095,-0.06572048,0.61878914,0.89332294,0.01674364,0.86739206,0.009999999776482582
-189.0,-2206.0,-590.83,194.94,7,1150,False,40484,170,34,88a5a54dea2b4b02b892b1671dbd63ef,2021-08-16_08-29-00,1629102540,23.141731023788452,775.4508788585663,26862,gpu-os03,132.68.52.223,775.4508788585663,40484,34,0,2beb6ed8,"0_rules=_home_lina_NeuroCuts_packet_classification_classbench_acl5_1k,tree_gae_lambda=0.95",59.397470525187565,21.90353697749196,203.5262593783494,13.11,10,36,0.0,0,0,13.11,10,36,0.0,0,0,0.0,0,0,4787.3,1517,16717,0.0,0.0,0.0,194.94,63,680,13.11,10,36,4787.3,1517,16717,194.94,63,680,59.397470525187565,21.90353697749196,203.5262593783494,13.11,10,36,14.845168413009679,1.121106567198379,1.1584511965422735,38600,40484,19224.251,3.02,2297.082,0.003,32.29354838709677,32.70000000000001,0.7593749761581421,4.999999873689376e-05,0.09767736,-0.042252056,0.14037685,0.95843637,0.008423239,0.6843826,0.009999999776482582
-177.0,-6382.0,-621.31,193.02,7,1336,False,41820,177,35,88a5a54dea2b4b02b892b1671dbd63ef,2021-08-16_08-29-26,1629102566,26.393203735351562,801.8440825939178,26862,gpu-os03,132.68.52.223,801.8440825939178,41820,35,0,2beb6ed8,"0_rules=_home_lina_NeuroCuts_packet_classification_classbench_acl5_1k,tree_gae_lambda=0.95",59.76150053590568,21.90353697749196,203.5262593783494,13.67,10,101,0.01,0,1,13.67,10,101,0.01,0,1,0.01,0,1,4830.34,1517,16717,0.0,0.0,0.0,193.02,63,680,nan,10,36,nan,1517,16717,nan,63,680,nan,21.90353697749196,203.5262593783494,nan,10,36,14.820373908394451,1.1179890920791846,1.1596835470316271,39900,41820,19799.511,3.092,2340.336,0.003,33.638888888888886,32.70000000000001,0.7593749761581421,4.999999873689376e-05,163.57599,-0.06978879,163.63284,0.31272656,0.026543852,0.7209531,0.009999999776482582
-165.0,-6382.0,-603.96,190.22,11,1221,False,43041,188,36,88a5a54dea2b4b02b892b1671dbd63ef,2021-08-16_08-29-48,1629102588,21.780569791793823,823.6246523857117,26862,gpu-os03,132.68.52.223,823.6246523857117,43041,36,0,2beb6ed8,"0_rules=_home_lina_NeuroCuts_packet_classification_classbench_acl5_1k,tree_gae_lambda=0.95",59.899871382636654,21.90353697749196,203.5262593783494,13.25,10,101,0.01,0,1,13.25,10,101,0.01,0,1,0.01,0,1,4849.96,1517,16717,0.0,0.0,0.0,190.22,63,680,nan,10,36,nan,1517,16717,nan,63,680,nan,21.90353697749196,203.5262593783494,nan,10,36,14.793744579079972,1.1137190913776078,1.1620666873721412,41100,43041,19936.622,3.024,2344.245,0.003,32.765517241379314,32.70000000000001,1.139062523841858,4.999999873689376e-05,0.26264855,-0.019899232,0.2841173,0.9213395,0.0054530916,0.77809566,0.009999999776482582
-153.0,-6382.0,-551.34,176.31,12,1060,False,44101,200,37,88a5a54dea2b4b02b892b1671dbd63ef,2021-08-16_08-30-08,1629102608,20.52656888961792,844.1512212753296,26862,gpu-os03,132.68.52.223,844.1512212753296,44101,37,0,2beb6ed8,"0_rules=_home_lina_NeuroCuts_packet_classification_classbench_acl5_1k,tree_gae_lambda=0.95",56.82171489817791,21.90353697749196,203.5262593783494,12.67,10,101,0.01,0,1,12.67,10,101,0.01,0,1,0.01,0,1,4586.8,1461,16717,0.0,0.0,0.0,176.31,58,680,nan,10,36,nan,1461,16717,nan,58,680,nan,21.90353697749196,203.5262593783494,nan,10,36,14.78459063030278,1.10978785648759,1.1646094975101637,42100,44101,20056.206,3.114,2342.802,0.003,32.60740740740741,32.70000000000001,1.139062523841858,4.999999873689376e-05,0.21806712,-0.037940383,0.25335097,0.93256694,0.009322839,0.79627454,0.009999999776482582
-153.0,-6382.0,-492.65,159.23,10,1045,False,45146,210,38,88a5a54dea2b4b02b892b1671dbd63ef,2021-08-16_08-30-29,1629102629,20.938801765441895,865.0900230407715,26862,gpu-os03,132.68.52.223,865.0900230407715,45146,38,0,2beb6ed8,"0_rules=_home_lina_NeuroCuts_packet_classification_classbench_acl5_1k,tree_gae_lambda=0.95",52.320128617363345,21.90353697749196,179.21329046087888,12.16,10,101,0.01,0,1,12.16,10,101,0.01,0,1,0.01,0,1,4204.7,1461,15319,0.0,0.0,0.0,159.23,57,613,nan,10,17,nan,1461,13113,nan,57,505,nan,21.90353697749196,156.11361200428723,nan,10,17,14.78021489293743,1.1070963457490015,1.166247953879063,43100,45146,20032.483,3.128,2344.229,0.003,32.739285714285714,32.70000000000001,1.139062523841858,4.999999873689376e-05,0.50383997,-0.039386325,0.54161316,0.8791482,0.008013495,0.7514741,0.009999999776482582
-153.0,-6382.0,-475.23,154.37,8,1085,False,46231,218,39,88a5a54dea2b4b02b892b1671dbd63ef,2021-08-16_08-30-54,1629102654,25.153552293777466,890.243575334549,26862,gpu-os03,132.68.52.223,890.243575334549,46231,39,0,2beb6ed8,"0_rules=_home_lina_NeuroCuts_packet_classification_classbench_acl5_1k,tree_gae_lambda=0.95",51.4616934619507,21.90353697749196,179.21329046087888,12.07,9,101,0.01,0,1,12.07,9,101,0.01,0,1,0.01,0,1,4117.98,1461,15319,0.0,0.0,0.0,154.37,57,613,nan,9,25,nan,1461,13321,nan,57,505,nan,21.90353697749196,157.9635584137192,nan,9,25,14.788637024540275,1.105691523111075,1.1671974465997332,44100,46231,20149.453,3.213,2321.882,0.003,32.11515151515152,32.7,1.139062523841858,4.999999873689376e-05,1.7001632,-0.04291331,1.741615,0.7684867,0.0074732504,0.7051117,0.009999999776482582
-149.0,-6382.0,-437.7,142.16,11,1080,False,47311,229,40,88a5a54dea2b4b02b892b1671dbd63ef,2021-08-16_08-31-16,1629102676,21.859024047851562,912.1025993824005,26862,gpu-os03,132.68.52.223,912.1025993824005,47311,40,0,2beb6ed8,"0_rules=_home_lina_NeuroCuts_packet_classification_classbench_acl5_1k,tree_gae_lambda=0.95",47.966023579849946,21.90353697749196,179.21329046087888,11.92,9,101,0.01,0,1,11.92,9,101,0.01,0,1,0.01,0,1,3823.0,1461,15319,0.0,0.0,0.0,142.16,57,613,nan,9,25,nan,1461,13321,nan,57,464,nan,21.90353697749196,157.9635584137192,nan,9,25,14.811998934594271,1.1037609654357814,1.1681739143753553,45100,47311,20366.555,3.154,2298.829,0.003,33.17333333333333,32.70000000000001,1.139062523841858,4.999999873689376e-05,0.12887077,-0.040972464,0.16918676,0.95499945,0.0067009875,0.6976367,0.009999999776482582
-149.0,-6382.0,-399.25,129.35,14,1161,False,48472,243,41,88a5a54dea2b4b02b892b1671dbd63ef,2021-08-16_08-31-39,1629102699,22.919499158859253,935.0220985412598,26862,gpu-os03,132.68.52.223,935.0220985412598,48472,41,0,2beb6ed8,"0_rules=_home_lina_NeuroCuts_packet_classification_classbench_acl5_1k,tree_gae_lambda=0.95",44.4163558413719,20.677384780278672,179.21329046087888,11.79,9,101,0.01,0,1,11.79,9,101,0.01,0,1,0.01,0,1,3498.5,1461,15319,0.0,0.0,0.0,129.35,57,613,nan,9,25,nan,1461,13321,nan,57,464,nan,20.677384780278672,157.9635584137192,nan,9,25,14.840138284324347,1.1017514857273447,1.1680490537425414,46200,48472,20375.388,3.18,2320.496,0.003,33.465625,32.7,1.139062523841858,4.999999873689376e-05,0.15288864,-0.041343644,0.19006109,0.948546,0.010479481,0.7765596,0.009999999776482582
-149.0,-6382.0,-363.72,117.12,10,1069,False,49541,253,42,88a5a54dea2b4b02b892b1671dbd63ef,2021-08-16_08-32-00,1629102720,21.065139532089233,956.087238073349,26862,gpu-os03,132.68.52.223,956.087238073349,49541,42,0,2beb6ed8,"0_rules=_home_lina_NeuroCuts_packet_classification_classbench_acl5_1k,tree_gae_lambda=0.95",40.73907824222938,20.677384780278672,179.21329046087888,11.66,9,101,0.01,0,1,11.66,9,101,0.01,0,1,0.01,0,1,3165.2,1461,15319,0.0,0.0,0.0,117.12,57,613,nan,9,25,nan,1461,13321,nan,57,464,nan,20.677384780278672,157.9635584137192,nan,9,25,14.861012763576896,1.1003360443191037,1.1678291906705633,47200,49541,20076.054,3.177,2279.034,0.003,32.45357142857143,32.70000000000001,1.139062523841858,4.999999873689376e-05,0.107629016,-0.03322811,0.14142928,0.95783854,0.005560907,0.69063765,0.009999999776482582
-149.0,-6382.0,-342.32,110.47,13,1244,False,50785,266,43,88a5a54dea2b4b02b892b1671dbd63ef,2021-08-16_08-32-25,1629102745,24.70995569229126,980.7971937656403,26862,gpu-os03,132.68.52.223,980.7971937656403,50785,43,0,2beb6ed8,"0_rules=_home_lina_NeuroCuts_packet_classification_classbench_acl5_1k,tree_gae_lambda=0.95",38.938542336548764,20.677384780278672,179.21329046087888,11.43,9,101,0.01,0,1,11.43,9,101,0.01,0,1,0.01,0,1,2989.14,1461,15319,0.0,0.0,0.0,110.47,57,613,nan,9,25,nan,1461,13321,nan,57,457,nan,20.677384780278672,157.9635584137192,nan,9,25,14.886731320774306,1.098778769044701,1.1675918486779935,48400,50785,20511.713,3.209,2322.112,0.003,32.43636363636364,32.7,1.139062523841858,4.999999873689376e-05,0.08505785,-0.047846634,0.12618874,0.96524936,0.01188046,0.68168306,0.009999999776482582
-141.0,-1191.0,-254.86,95.79,18,1249,False,52034,284,44,88a5a54dea2b4b02b892b1671dbd63ef,2021-08-16_08-32-50,1629102770,25.31123161315918,1006.1084253787994,26862,gpu-os03,132.68.52.223,1006.1084253787994,52034,44,0,2beb6ed8,"0_rules=_home_lina_NeuroCuts_packet_classification_classbench_acl5_1k,tree_gae_lambda=0.95",34.73618435155413,20.677384780278672,157.9635584137192,10.49,9,25,0.0,0,0,10.49,9,25,0.0,0,0,0.0,0,0,2605.46,1461,13321,0.0,0.0,0.0,95.79,55,457,10.49,9,25,2605.46,1461,13321,95.79,55,457,34.73618435155413,20.677384780278672,157.9635584137192,10.49,9,25,14.922471414134998,1.097126715479022,1.1669551738442046,49600,52034,20707.966,3.023,2343.113,0.003,33.088235294117645,32.7,1.139062523841858,4.999999873689376e-05,0.13968265,-0.042217925,0.17992656,0.9510433,0.00828278,0.74605924,0.009999999776482582
-134.0,-1191.0,-229.54,86.78,20,1212,False,53246,304,45,88a5a54dea2b4b02b892b1671dbd63ef,2021-08-16_08-33-15,1629102795,24.54401445388794,1030.6524398326874,26862,gpu-os03,132.68.52.223,1030.6524398326874,53246,45,0,2beb6ed8,"0_rules=_home_lina_NeuroCuts_packet_classification_classbench_acl5_1k,tree_gae_lambda=0.95",32.04167202572347,20.677384780278672,157.9635584137192,10.44,9,25,0.0,0,0,10.44,9,25,0.0,0,0,0.0,0,0,2347.2,1421,13321,0.0,0.0,0.0,86.78,53,457,10.44,9,25,2347.2,1421,13321,86.78,53,457,32.04167202572347,20.677384780278672,157.9635584137192,10.44,9,25,14.967952334922934,1.0956574929414367,1.166059431921758,50800,53246,20544.679,2.991,2321.791,0.003,33.22647058823529,32.7,1.139062523841858,4.999999873689376e-05,0.07677139,-0.046090517,0.12210774,0.9672489,0.0068959356,0.71007365,0.009999999776482582
-134.0,-564.0,-203.27,77.98,16,1046,False,54292,320,46,88a5a54dea2b4b02b892b1671dbd63ef,2021-08-16_08-33-36,1629102816,21.029555797576904,1051.6819956302643,26862,gpu-os03,132.68.52.223,1051.6819956302643,54292,46,0,2beb6ed8,"0_rules=_home_lina_NeuroCuts_packet_classification_classbench_acl5_1k,tree_gae_lambda=0.95",29.289796355841375,20.65166130760986,74.13290460878885,10.23,9,12,0.0,0,0,10.23,9,12,0.0,0,0,0.0,0,0,2096.44,1421,5911,0.0,0.0,0.0,77.98,53,212,10.23,9,12,2096.44,1421,5911,77.98,53,212,29.289796355841375,20.65166130760986,74.13290460878885,10.23,9,12,14.993512741063364,1.0943147871686012,1.1656409145838451,51800,54292,20512.92,2.987,2278.747,0.003,32.3962962962963,32.70000000000001,1.139062523841858,4.999999873689376e-05,0.07381404,-0.060777567,0.13136792,0.96529543,0.009024216,0.70554495,0.009999999776482582
-134.0,-564.0,-209.18,80.27,11,1174,False,55466,331,47,88a5a54dea2b4b02b892b1671dbd63ef,2021-08-16_08-34-01,1629102841,25.268271923065186,1076.9502675533295,26862,gpu-os03,132.68.52.223,1076.9502675533295,55466,47,0,2beb6ed8,"0_rules=_home_lina_NeuroCuts_packet_classification_classbench_acl5_1k,tree_gae_lambda=0.95",30.287245444801712,20.65166130760986,74.59807073954984,10.16,9,12,0.0,0,0,10.16,9,12,0.0,0,0,0.0,0,0,2166.2,1421,5911,0.0,0.0,0.0,80.27,53,212,10.16,9,12,2166.2,1421,5911,80.27,53,212,30.287245444801712,20.65166130760986,74.59807073954984,10.16,9,12,15.009213436357793,1.0933674682833585,1.1657960066758226,52900,55466,20963.129,2.948,2303.005,0.003,33.31714285714286,32.70000000000001,1.139062523841858,4.999999873689376e-05,0.040792163,-0.036779188,0.07652705,0.9782353,0.0062813032,0.61105025,0.009999999776482582
-128.0,-568.0,-205.94,79.22,14,1254,False,56720,345,48,88a5a54dea2b4b02b892b1671dbd63ef,2021-08-16_08-34-29,1629102869,27.3914737701416,1104.341741323471,26862,gpu-os03,132.68.52.223,1104.341741323471,56720,48,0,2beb6ed8,"0_rules=_home_lina_NeuroCuts_packet_classification_classbench_acl5_1k,tree_gae_lambda=0.95",30.11011789924973,20.65166130760986,74.59807073954984,10.13,9,12,0.0,0,0,10.13,9,12,0.0,0,0,0.0,0,0,2133.12,1373,6061,0.0,0.0,0.0,79.22,52,217,10.13,9,12,2133.12,1373,6061,79.22,52,217,30.11011789924973,20.65166130760986,74.59807073954984,10.13,9,12,15.034841507490079,1.0925834409998654,1.1659271496279195,54100,56720,21566.894,2.943,2344.77,0.003,29.02777777777778,32.50277777777777,1.139062523841858,4.999999873689376e-05,0.0803112,-0.0436212,0.12227736,0.96578336,0.007215381,0.6563729,0.009999999776482582
-128.0,-568.0,-201.36,77.34,14,1097,False,57817,359,49,88a5a54dea2b4b02b892b1671dbd63ef,2021-08-16_08-34-53,1629102893,23.694751262664795,1128.0364925861359,26862,gpu-os03,132.68.52.223,1128.0364925861359,57817,49,0,2beb6ed8,"0_rules=_home_lina_NeuroCuts_packet_classification_classbench_acl5_1k,tree_gae_lambda=0.95",29.70128617363345,20.65166130760986,76.73740621650589,10.13,9,12,0.0,0,0,10.13,9,12,0.0,0,0,0.0,0,0,2089.86,1345,6061,0.0,0.0,0.0,77.34,52,217,10.13,9,12,2089.86,1345,6061,77.34,52,217,29.70128617363345,20.65166130760986,76.73740621650589,10.13,9,12,15.06446007397489,1.091953020614565,1.1658090784979296,55100,57817,21418.464,2.881,2347.466,0.003,19.396875,32.090624999999996,1.139062523841858,4.999999873689376e-05,0.038058184,-0.047260676,0.0839348,0.97827685,0.0068740994,0.6445966,0.009999999776482582
-128.0,-568.0,-198.1,76.14,17,1184,False,59001,376,50,88a5a54dea2b4b02b892b1671dbd63ef,2021-08-16_08-35-18,1629102918,25.077958345413208,1153.114450931549,26862,gpu-os03,132.68.52.223,1153.114450931549,59001,50,0,2beb6ed8,"0_rules=_home_lina_NeuroCuts_packet_classification_classbench_acl5_1k,tree_gae_lambda=0.95",29.360878885316183,20.65166130760986,76.73740621650589,10.12,9,14,0.0,0,0,10.12,9,14,0.0,0,0,0.0,0,0,2057.6,1345,6061,0.0,0.0,0.0,76.14,51,217,10.12,9,14,2057.6,1345,6061,76.14,51,217,29.360878885316183,20.65166130760986,76.73740621650589,10.12,9,14,15.103115996575738,1.0913391456277657,1.1652118383837753,56200,59001,21719.116,2.916,2368.548,0.004,19.17878787878788,32.118181818181824,1.139062523841858,4.999999873689376e-05,0.35183743,-0.024354838,0.37591848,0.9110598,0.0065724696,0.72126764,0.009999999776482582
-125.0,-568.0,-195.26,75.2,19,1225,False,60226,395,51,88a5a54dea2b4b02b892b1671dbd63ef,2021-08-16_08-35-44,1629102944,25.923514366149902,1179.037965297699,26862,gpu-os03,132.68.52.223,1179.037965297699,60226,51,0,2beb6ed8,"0_rules=_home_lina_NeuroCuts_packet_classification_classbench_acl5_1k,tree_gae_lambda=0.95",29.307845659163988,20.65166130760986,76.73740621650589,10.03,9,14,0.0,0,0,10.03,9,14,0.0,0,0,0.0,0,0,2032.58,1337,6061,0.0,0.0,0.0,75.2,51,217,10.03,9,14,2032.58,1337,6061,75.2,51,217,29.307845659163988,20.65166130760986,76.73740621650589,10.03,9,14,15.148667326946981,1.0904816911562958,1.1648091846109816,57400,60226,22006.235,2.926,2381.916,0.004,18.452777777777776,32.11944444444444,1.139062523841858,4.999999873689376e-05,0.076175906,-0.03910442,0.11293724,0.96910685,0.007958705,0.6722377,0.009999999776482582
-123.0,-568.0,-203.22,78.19,13,1084,False,61310,408,52,88a5a54dea2b4b02b892b1671dbd63ef,2021-08-16_08-36-07,1629102967,22.98637318611145,1202.0243384838104,26862,gpu-os03,132.68.52.223,1202.0243384838104,61310,52,0,2beb6ed8,"0_rules=_home_lina_NeuroCuts_packet_classification_classbench_acl5_1k,tree_gae_lambda=0.95",30.513590568060025,20.65166130760986,76.73740621650589,10.02,9,14,0.0,0,0,10.02,9,14,0.0,0,0,0.0,0,0,2119.34,1337,6061,0.0,0.0,0.0,78.19,50,217,10.02,9,14,2119.34,1337,6061,78.19,50,217,30.513590568060025,20.65166130760986,76.73740621650589,10.02,9,14,15.181720295221147,1.089740268953513,1.1652232445732138,58400,61310,22206.173,2.918,2374.267,0.004,16.13225806451613,32.109677419354846,1.139062523841858,4.999999873689376e-05,0.05072686,-0.057176642,0.10400413,0.97110283,0.008778181,0.6099508,0.009999999776482582
-123.0,-568.0,-193.29,74.73,18,1183,False,62493,426,53,88a5a54dea2b4b02b892b1671dbd63ef,2021-08-16_08-36-34,1629102994,27.133122205734253,1229.1574606895447,26862,gpu-os03,132.68.52.223,1229.1574606895447,62493,53,0,2beb6ed8,"0_rules=_home_lina_NeuroCuts_packet_classification_classbench_acl5_1k,tree_gae_lambda=0.95",29.811318327974277,21.080385852090032,76.73740621650589,10.01,9,14,0.0,0,0,10.01,9,14,0.0,0,0,0.0,0,0,2026.54,1337,6061,0.0,0.0,0.0,74.73,50,217,10.01,9,14,2026.54,1337,6061,74.73,50,217,29.811318327974277,21.080385852090032,76.73740621650589,10.01,9,14,15.23468947576649,1.0887503407401156,1.1656457441928965,59500,62493,22475.058,2.844,2347.91,0.004,16.017142857142858,32.10285714285714,1.139062523841858,4.999999873689376e-05,0.1232043,-0.032050624,0.15321574,0.9624008,0.007585726,0.66014355,0.009999999776482582
-123.0,-556.0,-175.74,68.41,20,1126,False,63619,446,54,88a5a54dea2b4b02b892b1671dbd63ef,2021-08-16_08-36-57,1629103017,23.48710322380066,1252.6445639133453,26862,gpu-os03,132.68.52.223,1252.6445639133453,63619,54,0,2beb6ed8,"0_rules=_home_lina_NeuroCuts_packet_classification_classbench_acl5_1k,tree_gae_lambda=0.95",27.998478027867094,21.243301178992496,76.73740621650589,9.92,9,14,0.0,0,0,9.92,9,14,0.0,0,0,0.0,0,0,1855.68,1337,5907,0.0,0.0,0.0,68.41,50,210,9.92,9,14,1855.68,1337,5907,68.41,50,210,27.998478027867094,21.243301178992496,76.73740621650589,9.92,9,14,15.28297370477388,1.0879698045461152,1.1659013883320681,60600,63619,22321.184,2.854,2319.657,0.004,15.990322580645161,32.10322580645162,1.139062523841858,4.999999873689376e-05,0.04069872,-0.04315494,0.076913565,0.9781519,0.011415437,0.6062791,0.009999999776482582
-123.0,-556.0,-169.45,66.56,18,1157,False,64776,464,55,88a5a54dea2b4b02b892b1671dbd63ef,2021-08-16_08-37-21,1629103041,24.031803131103516,1276.6763670444489,26862,gpu-os03,132.68.52.223,1276.6763670444489,64776,55,0,2beb6ed8,"0_rules=_home_lina_NeuroCuts_packet_classification_classbench_acl5_1k,tree_gae_lambda=0.95",27.909560557341905,21.243301178992496,73.39335476956056,9.8,9,14,0.0,0,0,9.8,9,14,0.0,0,0,0.0,0,0,1807.94,1337,5581,0.0,0.0,0.0,66.56,50,206,9.8,9,14,1807.94,1337,5581,66.56,50,206,27.909560557341905,21.243301178992496,73.39335476956056,9.8,9,14,15.319045896452225,1.0872433479806032,1.165736285740815,61700,64776,22292.896,2.84,2296.618,0.004,16.853125,32.10625,1.139062523841858,4.999999873689376e-05,0.052074123,-0.043187108,0.09162905,0.97495764,0.008545313,0.6101458,0.009999999776482582
-123.0,-556.0,-162.79,64.55,20,1130,False,65906,484,56,88a5a54dea2b4b02b892b1671dbd63ef,2021-08-16_08-37-45,1629103065,23.752031087875366,1300.4283981323242,26862,gpu-os03,132.68.52.223,1300.4283981323242,65906,56,0,2beb6ed8,"0_rules=_home_lina_NeuroCuts_packet_classification_classbench_acl5_1k,tree_gae_lambda=0.95",28.044415862808147,21.777063236870312,73.34833869239014,9.66,9,12,0.0,0,0,9.66,9,12,0.0,0,0,0.0,0,0,1766.3,1349,5577,0.0,0.0,0.0,64.55,50,206,9.66,9,12,1766.3,1349,5577,64.55,50,206,28.044415862808147,21.777063236870312,73.34833869239014,9.66,9,12,15.355096971277534,1.086456934217258,1.1664764178393063,62800,65906,22552.869,2.876,2308.924,0.004,16.60909090909091,32.1,1.139062523841858,4.999999873689376e-05,0.02204169,-0.04429117,0.062324394,0.9814713,0.008728602,0.5933948,0.009999999776482582
-125.0,-537.0,-153.95,61.68,20,1125,False,67031,504,57,88a5a54dea2b4b02b892b1671dbd63ef,2021-08-16_08-38-09,1629103089,23.65445899963379,1324.082857131958,26862,gpu-os03,132.68.52.223,1324.082857131958,67031,57,0,2beb6ed8,"0_rules=_home_lina_NeuroCuts_packet_classification_classbench_acl5_1k,tree_gae_lambda=0.95",27.474726688102898,21.80493033226152,73.27545551982851,9.56,9,12,0.0,0,0,9.56,9,12,0.0,0,0,0.0,0,0,1694.82,1397,5485,0.0,0.0,0.0,61.68,51,203,9.56,9,12,1694.82,1397,5485,61.68,51,203,27.474726688102898,21.80493033226152,73.27545551982851,9.56,9,12,15.38867284345275,1.0856768760964892,1.1671437263526254,63900,67031,22395.351,2.866,2305.187,0.004,15.746875000000001,32.10625,1.139062523841858,4.999999873689376e-05,0.034267277,-0.03324552,0.06811769,0.9798611,0.0046600495,0.59129846,0.009999999776482582
-125.0,-537.0,-142.18,57.71,20,1122,False,68153,524,58,88a5a54dea2b4b02b892b1671dbd63ef,2021-08-16_08-38-32,1629103112,23.362333297729492,1347.4451904296875,26862,gpu-os03,132.68.52.223,1347.4451904296875,68153,58,0,2beb6ed8,"0_rules=_home_lina_NeuroCuts_packet_classification_classbench_acl5_1k,tree_gae_lambda=0.95",26.31114683815649,22.413719185423364,68.44372990353698,9.38,9,11,0.0,0,0,9.38,9,11,0.0,0,0,0.0,0,0,1588.08,1397,5201,0.0,0.0,0.0,57.71,51,203,9.38,9,11,1588.08,1397,5201,57.71,51,203,26.31114683815649,22.413719185423364,68.44372990353698,9.38,9,11,15.412312619491532,1.0849738425147328,1.1673437429333535,65000,68153,22018.832,2.805,2278.977,0.004,14.177419354838712,32.10000000000001,0.569531261920929,4.999999873689376e-05,0.001439146,-0.041571043,0.04356197,0.98708606,0.008907452,0.5624856,0.009999999776482582
-122.0,-537.0,-140.91,57.49,20,1109,False,69262,544,59,88a5a54dea2b4b02b892b1671dbd63ef,2021-08-16_08-38-56,1629103136,23.53477668762207,1370.9799671173096,26862,gpu-os03,132.68.52.223,1370.9799671173096,69262,59,0,2beb6ed8,"0_rules=_home_lina_NeuroCuts_packet_classification_classbench_acl5_1k,tree_gae_lambda=0.95",26.446045016077175,21.869239013933548,68.44372990353698,9.3,9,11,0.0,0,0,9.3,9,11,0.0,0,0,0.0,0,0,1585.94,1397,5201,0.0,0.0,0.0,57.49,51,203,9.3,9,11,1585.94,1397,5201,57.49,51,203,26.446045016077175,21.869239013933548,68.44372990353698,9.3,9,11,15.433953370675269,1.0843061546306338,1.1675591643824537,66100,69262,21984.823,2.825,2297.143,0.003,15.640625,32.1,0.569531261920929,4.999999873689376e-05,0.009286887,-0.02362998,0.032737043,0.9897419,0.009820639,0.5413333,0.009999999776482582
-122.0,-158.0,-136.39,55.97,20,1111,False,70373,564,60,88a5a54dea2b4b02b892b1671dbd63ef,2021-08-16_08-39-19,1629103159,23.46353530883789,1394.4435024261475,26862,gpu-os03,132.68.52.223,1394.4435024261475,70373,60,0,2beb6ed8,"0_rules=_home_lina_NeuroCuts_packet_classification_classbench_acl5_1k,tree_gae_lambda=0.95",25.90323687031083,21.869239013933548,31.412647374062164,9.23,9,11,0.0,0,0,9.23,9,11,0.0,0,0,0.0,0,0,1545.04,1407,1781,0.0,0.0,0.0,55.97,51,64,9.23,9,11,1545.04,1407,1781,55.97,51,64,25.90323687031083,21.869239013933548,31.412647374062164,9.23,9,11,15.455170201855331,1.0836315992871977,1.1682385404242064,67200,70373,21824.579,2.841,2296.311,0.003,15.61875,32.1,0.569531261920929,4.999999873689376e-05,0.006422371,-0.025627464,0.032926735,0.9897881,0.008054428,0.5464151,0.009999999776482582
-122.0,-280.0,-139.19,56.94,19,1170,False,71543,583,61,88a5a54dea2b4b02b892b1671dbd63ef,2021-08-16_08-39-43,1629103183,23.981104135513306,1418.4246065616608,26862,gpu-os03,132.68.52.223,1418.4246065616608,71543,61,0,2beb6ed8,"0_rules=_home_lina_NeuroCuts_packet_classification_classbench_acl5_1k,tree_gae_lambda=0.95",25.831511254019293,21.869239013933548,38.20150053590568,9.22,9,11,0.0,0,0,9.22,9,11,0.0,0,0,0.0,0,0,1571.06,1407,2765,0.0,0.0,0.0,56.94,51,100,9.22,9,11,1571.06,1407,2765,56.94,51,100,25.831511254019293,21.869239013933548,38.20150053590568,9.22,9,11,15.472922121519536,1.0830311834326505,1.1688500308367857,68300,71543,21649.173,2.878,2277.808,0.003,18.825000000000003,32.1,0.569531261920929,4.999999873689376e-05,0.055821475,-0.026052155,0.08182725,0.9756315,0.010167858,0.5744533,0.009999999776482582
-120.0,-573.0,-144.41,58.56,15,1006,False,72549,598,62,88a5a54dea2b4b02b892b1671dbd63ef,2021-08-16_08-40-05,1629103205,21.402429580688477,1439.8270361423492,26862,gpu-os03,132.68.52.223,1439.8270361423492,72549,62,0,2beb6ed8,"0_rules=_home_lina_NeuroCuts_packet_classification_classbench_acl5_1k,tree_gae_lambda=0.95",26.220857449088957,21.869239013933548,73.72775991425509,9.28,9,17,0.0,0,0,9.28,9,17,0.0,0,0,0.0,0,0,1617.9,1349,5909,0.0,0.0,0.0,58.56,50,206,9.28,9,17,1617.9,1349,5909,58.56,50,206,26.220857449088957,21.869239013933548,73.72775991425509,9.28,9,17,15.487144372171608,1.082596990101208,1.1690003444150028,69300,72549,21486.803,2.835,2281.997,0.003,16.246666666666666,32.10000000000001,0.569531261920929,4.999999873689376e-05,0.420551,-0.041184656,0.4574325,0.9026149,0.017554741,0.56948054,0.009999999776482582
-120.0,-573.0,-145.8,59.01,19,1106,False,73655,617,63,88a5a54dea2b4b02b892b1671dbd63ef,2021-08-16_08-40-28,1629103228,22.950340032577515,1462.7773761749268,26862,gpu-os03,132.68.52.223,1462.7773761749268,73655,63,0,2beb6ed8,"0_rules=_home_lina_NeuroCuts_packet_classification_classbench_acl5_1k,tree_gae_lambda=0.95",26.310225080385848,21.869239013933548,73.72775991425509,9.28,9,17,0.0,0,0,9.28,9,17,0.0,0,0,0.0,0,0,1629.54,1349,5909,0.0,0.0,0.0,59.01,50,206,9.28,9,17,1629.54,1349,5909,59.01,50,206,26.310225080385848,21.869239013933548,73.72775991425509,9.28,9,17,15.504792914088362,1.0819979536344917,1.1694726162956082,70400,73655,21066.068,2.927,2284.483,0.003,14.964516129032257,32.10000000000001,0.569531261920929,4.999999873689376e-05,0.022764675,-0.03752714,0.06039387,0.9822969,0.009645065,0.55952257,0.009999999776482582
-120.0,-573.0,-145.01,58.75,20,1097,False,74752,637,64,88a5a54dea2b4b02b892b1671dbd63ef,2021-08-16_08-40-50,1629103250,22.6590576171875,1485.4364337921143,26862,gpu-os03,132.68.52.223,1485.4364337921143,74752,64,0,2beb6ed8,"0_rules=_home_lina_NeuroCuts_packet_classification_classbench_acl5_1k,tree_gae_lambda=0.95",26.281629153269026,21.80493033226152,73.72775991425509,9.25,9,17,0.0,0,0,9.25,9,17,0.0,0,0,0.0,0,0,1619.52,1349,5909,0.0,0.0,0.0,58.75,50,206,9.25,9,17,1619.52,1349,5909,58.75,50,206,26.281629153269026,21.80493033226152,73.72775991425509,9.25,9,17,15.521965368013674,1.0810555585010153,1.1703513528830995,71400,74752,21000.609,2.893,2267.226,0.003,13.713333333333333,32.10000000000001,0.569531261920929,4.999999873689376e-05,0.0036985844,-0.04104612,0.046272658,0.9854719,0.0076502548,0.5885013,0.009999999776482582
-120.0,-593.0,-149.13,60.25,16,1040,False,75792,653,65,88a5a54dea2b4b02b892b1671dbd63ef,2021-08-16_08-41-13,1629103273,22.097696781158447,1507.5341305732727,26862,gpu-os03,132.68.52.223,1507.5341305732727,75792,65,0,2beb6ed8,"0_rules=_home_lina_NeuroCuts_packet_classification_classbench_acl5_1k,tree_gae_lambda=0.95",26.639078242229367,21.80493033226152,79.57127545551982,9.27,9,17,0.0,0,0,9.27,9,17,0.0,0,0,0.0,0,0,1655.14,1321,6617,0.0,0.0,0.0,60.25,50,227,9.27,9,17,1655.14,1321,6617,60.25,50,227,26.639078242229367,21.80493033226152,79.57127545551982,9.27,9,17,15.53579709961466,1.0804863321337104,1.1708407724461298,72400,75792,20832.5,2.956,2241.939,0.003,15.0,32.10000000000001,0.569531261920929,4.999999873689376e-05,0.04964056,-0.028201949,0.07920189,0.97692776,0.007359685,0.5550951,0.009999999776482582
-120.0,-593.0,-145.58,59.02,20,1077,False,76869,673,66,88a5a54dea2b4b02b892b1671dbd63ef,2021-08-16_08-41-35,1629103295,22.74877119064331,1530.282901763916,26862,gpu-os03,132.68.52.223,1530.282901763916,76869,66,0,2beb6ed8,"0_rules=_home_lina_NeuroCuts_packet_classification_classbench_acl5_1k,tree_gae_lambda=0.95",26.127395498392286,21.54555198285102,79.57127545551982,9.21,9,17,0.0,0,0,9.21,9,17,0.0,0,0,0.0,0,0,1614.98,1281,6617,0.0,0.0,0.0,59.02,50,227,9.21,9,17,1614.98,1281,6617,59.02,50,227,26.127395498392286,21.54555198285102,79.57127545551982,9.21,9,17,15.554583623987874,1.0797429559036626,1.1708264356594753,73400,76869,20748.829,2.921,2225.178,0.003,15.20967741935484,32.10000000000001,0.569531261920929,4.999999873689376e-05,-0.023221595,-0.038164943,0.013742698,0.9957245,0.01206846,0.567271,0.009999999776482582
-120.0,-593.0,-141.34,57.33,20,1107,False,77976,693,67,88a5a54dea2b4b02b892b1671dbd63ef,2021-08-16_08-41-59,1629103319,23.636070013046265,1553.9189717769623,26862,gpu-os03,132.68.52.223,1553.9189717769623,77976,67,0,2beb6ed8,"0_rules=_home_lina_NeuroCuts_packet_classification_classbench_acl5_1k,tree_gae_lambda=0.95",25.752690246516615,21.54555198285102,79.57127545551982,9.27,9,17,0.0,0,0,9.27,9,17,0.0,0,0,0.0,0,0,1564.44,1281,6617,0.0,0.0,0.0,57.33,50,227,9.27,9,17,1564.44,1281,6617,57.33,50,227,25.752690246516615,21.54555198285102,79.57127545551982,9.27,9,17,15.574541618361652,1.0790157150975355,1.1703769695854587,74500,77976,20751.953,2.944,2220.25,0.003,14.721874999999999,32.1,0.569531261920929,4.999999873689376e-05,0.04681247,-0.043025497,0.08521506,0.97507185,0.018555364,0.59449494,0.009999999776482582
-121.0,-593.0,-139.7,57.09,20,1107,False,79083,713,68,88a5a54dea2b4b02b892b1671dbd63ef,2021-08-16_08-42-22,1629103342,22.51102924346924,1576.4300010204315,26862,gpu-os03,132.68.52.223,1576.4300010204315,79083,68,0,2beb6ed8,"0_rules=_home_lina_NeuroCuts_packet_classification_classbench_acl5_1k,tree_gae_lambda=0.95",25.532047159699893,21.54555198285102,79.57127545551982,9.2,9,12,0.0,0,0,9.2,9,12,0.0,0,0,0.0,0,0,1553.5,1281,6617,0.0,0.0,0.0,57.09,50,227,9.2,9,12,1553.5,1281,6617,57.09,50,227,25.532047159699893,21.54555198285102,79.57127545551982,9.2,9,12,15.591495028618102,1.0787682436371018,1.1696644569034895,75600,79083,20667.063,2.963,2219.941,0.003,16.21290322580645,32.10000000000001,0.569531261920929,4.999999873689376e-05,0.018463312,-0.048201714,0.06530288,0.9784191,0.013556735,0.63588476,0.009999999776482582
-119.0,-593.0,-137.47,56.43,20,1090,False,80173,733,69,88a5a54dea2b4b02b892b1671dbd63ef,2021-08-16_08-42-44,1629103364,22.423537254333496,1598.853538274765,26862,gpu-os03,132.68.52.223,1598.853538274765,80173,69,0,2beb6ed8,"0_rules=_home_lina_NeuroCuts_packet_classification_classbench_acl5_1k,tree_gae_lambda=0.95",25.143236870310826,21.54555198285102,79.57127545551982,9.21,9,12,0.0,0,0,9.21,9,12,0.0,0,0,0.0,0,0,1526.64,1241,6617,0.0,0.0,0.0,56.43,49,227,9.21,9,12,1526.64,1241,6617,56.43,49,227,25.143236870310826,21.54555198285102,79.57127545551982,9.21,9,12,15.608076459603062,1.0785818759885382,1.1685773734210925,76600,80173,20580.401,2.981,2195.45,0.003,14.93,32.10000000000001,0.569531261920929,4.999999873689376e-05,0.022731498,-0.05179398,0.07154698,0.9783621,0.016617179,0.648551,0.009999999776482582
-119.0,-192.0,-133.56,55.41,20,1160,False,81333,753,70,88a5a54dea2b4b02b892b1671dbd63ef,2021-08-16_08-43-06,1629103386,21.982085704803467,1620.8356239795685,26862,gpu-os03,132.68.52.223,1620.8356239795685,81333,70,0,2beb6ed8,"0_rules=_home_lina_NeuroCuts_packet_classification_classbench_acl5_1k,tree_gae_lambda=0.95",24.261693461950696,21.54555198285102,30.165058949624868,9.26,9,11,0.0,0,0,9.26,9,11,0.0,0,0,0.0,0,0,1498.88,1241,2127,0.0,0.0,0.0,55.41,49,80,9.26,9,11,1498.88,1241,2127,55.41,49,80,24.261693461950696,21.54555198285102,30.165058949624868,9.26,9,11,15.618686544480838,1.078082867435886,1.1674539969278042,77700,81333,20434.986,3.011,2192.714,0.003,15.299999999999997,32.10000000000001,0.569531261920929,4.999999873689376e-05,0.028967695,-0.049002256,0.07322125,0.9745767,0.020514846,0.6935141,0.009999999776482582
-119.0,-192.0,-133.36,55.4,20,1076,False,82409,773,71,88a5a54dea2b4b02b892b1671dbd63ef,2021-08-16_08-43-29,1629103409,22.540266275405884,1643.3758902549744,26862,gpu-os03,132.68.52.223,1643.3758902549744,82409,71,0,2beb6ed8,"0_rules=_home_lina_NeuroCuts_packet_classification_classbench_acl5_1k,tree_gae_lambda=0.95",24.138199356913187,21.627009646302252,31.191854233654876,9.31,9,11,0.0,0,0,9.31,9,11,0.0,0,0,0.0,0,0,1497.3,1241,2127,0.0,0.0,0.0,55.4,49,80,9.31,9,11,1497.3,1241,2127,55.4,49,80,24.138199356913187,21.627009646302252,31.191854233654876,9.31,9,11,15.627241076319887,1.0775761898495935,1.1667962824705225,78700,82409,20310.891,2.978,2172.744,0.003,15.123333333333335,32.10000000000001,0.854296863079071,4.999999873689376e-05,-0.016758088,-0.058867812,0.04161138,0.9875614,0.007964275,0.63055086,0.009999999776482582
-119.0,-192.0,-132.82,55.66,20,1133,False,83542,793,72,88a5a54dea2b4b02b892b1671dbd63ef,2021-08-16_08-43-51,1629103431,22.074953079223633,1665.450843334198,26862,gpu-os03,132.68.52.223,1665.450843334198,83542,72,0,2beb6ed8,"0_rules=_home_lina_NeuroCuts_packet_classification_classbench_acl5_1k,tree_gae_lambda=0.95",23.888038585209006,21.616291532690248,31.191854233654876,9.31,9,11,0.0,0,0,9.31,9,11,0.0,0,0,0.0,0,0,1499.24,1241,2127,0.0,0.0,0.0,55.66,49,80,9.31,9,11,1499.24,1241,2127,55.66,49,80,23.888038585209006,21.616291532690248,31.191854233654876,9.31,9,11,15.630579752617127,1.0770484025047287,1.1660711797868388,79800,83542,20358.012,3.031,2192.918,0.003,14.448275862068968,32.10000000000001,0.854296863079071,4.999999873689376e-05,0.04562019,-0.043631706,0.08803657,0.9721313,0.009028866,0.6497994,0.009999999776482582
-119.0,-324.0,-135.06,56.55,19,1145,False,84687,812,73,88a5a54dea2b4b02b892b1671dbd63ef,2021-08-16_08-44-13,1629103453,22.27993106842041,1687.7307744026184,26862,gpu-os03,132.68.52.223,1687.7307744026184,84687,73,0,2beb6ed8,"0_rules=_home_lina_NeuroCuts_packet_classification_classbench_acl5_1k,tree_gae_lambda=0.95",24.04139335476956,21.616291532690248,42.31511254019293,9.33,9,11,0.0,0,0,9.33,9,11,0.0,0,0,0.0,0,0,1526.12,1241,3341,0.0,0.0,0.0,56.55,49,121,9.33,9,11,1526.12,1241,3341,56.55,49,121,24.04139335476956,21.616291532690248,42.31511254019293,9.33,9,11,15.631495798838719,1.0761620659755844,1.1658580319698704,80900,84687,20292.702,2.949,2191.301,0.003,15.474193548387097,32.10000000000001,0.854296863079071,4.999999873689376e-05,0.029459257,-0.024317909,0.05256009,0.98428196,0.008458275,0.6008804,0.009999999776482582
-119.0,-324.0,-135.38,56.84,20,1111,False,85798,832,74,88a5a54dea2b4b02b892b1671dbd63ef,2021-08-16_08-44-36,1629103476,22.884027004241943,1710.6148014068604,26862,gpu-os03,132.68.52.223,1710.6148014068604,85798,74,0,2beb6ed8,"0_rules=_home_lina_NeuroCuts_packet_classification_classbench_acl5_1k,tree_gae_lambda=0.95",24.30591639871382,21.532690246516612,42.31511254019293,9.37,9,11,0.0,0,0,9.37,9,11,0.0,0,0,0.0,0,0,1542.2,1285,3341,0.0,0.0,0.0,56.84,49,121,9.37,9,11,1542.2,1285,3341,56.84,49,121,24.30591639871382,21.532690246516612,42.31511254019293,9.37,9,11,15.632170387924662,1.0752021029248142,1.1656043221424257,82000,85798,20296.598,3.042,2209.871,0.003,15.868749999999999,32.1,0.854296863079071,4.999999873689376e-05,0.020362254,-0.037949737,0.056273732,0.9832545,0.009057822,0.5699802,0.009999999776482582
-119.0,-324.0,-135.55,56.61,20,1134,False,86932,852,75,88a5a54dea2b4b02b892b1671dbd63ef,2021-08-16_08-44-59,1629103499,22.68209147453308,1733.2968928813934,26862,gpu-os03,132.68.52.223,1733.2968928813934,86932,75,0,2beb6ed8,"0_rules=_home_lina_NeuroCuts_packet_classification_classbench_acl5_1k,tree_gae_lambda=0.95",24.61689174705252,21.532690246516612,42.31511254019293,9.34,9,11,0.0,0,0,9.34,9,11,0.0,0,0,0.0,0,0,1536.48,1285,3341,0.0,0.0,0.0,56.61,49,121,9.34,9,11,1536.48,1285,3341,56.61,49,121,24.61689174705252,21.532690246516612,42.31511254019293,9.34,9,11,15.635042500085147,1.0742716234143566,1.1657113375533306,83100,86932,20331.294,2.98,2233.749,0.003,15.81,32.10000000000001,0.854296863079071,4.999999873689376e-05,0.044772718,-0.03100016,0.07670547,0.97637004,0.0057357545,0.58326244,0.009999999776482582
-119.0,-324.0,-135.83,56.86,20,1110,False,88042,872,76,88a5a54dea2b4b02b892b1671dbd63ef,2021-08-16_08-45-22,1629103522,22.926236867904663,1756.223129749298,26862,gpu-os03,132.68.52.223,1756.223129749298,88042,76,0,2beb6ed8,"0_rules=_home_lina_NeuroCuts_packet_classification_classbench_acl5_1k,tree_gae_lambda=0.95",24.956806002143622,21.532690246516612,42.31511254019293,9.3,9,11,0.0,0,0,9.3,9,11,0.0,0,0,0.0,0,0,1550.54,1333,3341,0.0,0.0,0.0,56.86,49,121,9.3,9,11,1550.54,1333,3341,56.86,49,121,24.956806002143622,21.532690246516612,42.31511254019293,9.3,9,11,15.637191021332765,1.0733842480535487,1.1654716304819845,84200,88042,20323.259,3.002,2259.654,0.003,14.938709677419356,32.10000000000001,0.854296863079071,4.999999873689376e-05,-0.0059415847,-0.03296796,0.028406274,0.9908691,0.0049437713,0.5603356,0.009999999776482582
-119.0,-324.0,-135.17,56.5,20,1091,False,89133,892,77,88a5a54dea2b4b02b892b1671dbd63ef,2021-08-16_08-45-44,1629103544,22.474836111068726,1778.6979658603668,26862,gpu-os03,132.68.52.223,1778.6979658603668,89133,77,0,2beb6ed8,"0_rules=_home_lina_NeuroCuts_packet_classification_classbench_acl5_1k,tree_gae_lambda=0.95",24.990739549839226,21.532690246516612,42.31511254019293,9.24,9,11,0.0,0,0,9.24,9,11,0.0,0,0,0.0,0,0,1545.02,1289,3341,0.0,0.0,0.0,56.5,49,121,9.24,9,11,1545.02,1289,3341,56.5,49,121,24.990739549839226,21.532690246516612,42.31511254019293,9.24,9,11,15.641767469165416,1.0725473322015462,1.1656224410817015,85200,89133,20222.375,3.022,2244.395,0.003,14.126666666666665,32.10000000000001,0.4271484315395355,4.999999873689376e-05,-0.009004764,-0.034599118,0.026481703,0.991572,0.011153415,0.56515074,0.009999999776482582
-119.0,-167.0,-132.38,55.73,20,1127,False,90260,912,78,88a5a54dea2b4b02b892b1671dbd63ef,2021-08-16_08-46-06,1629103566,22.115107536315918,1800.8130733966827,26862,gpu-os03,132.68.52.223,1800.8130733966827,90260,78,0,2beb6ed8,"0_rules=_home_lina_NeuroCuts_packet_classification_classbench_acl5_1k,tree_gae_lambda=0.95",24.798928188638794,21.532690246516612,30.585209003215436,9.2,9,11,0.0,0,0,9.2,9,11,0.0,0,0,0.0,0,0,1526.14,1289,1941,0.0,0.0,0.0,55.73,49,68,9.2,9,11,1526.14,1289,1941,55.73,49,68,24.798928188638794,21.532690246516612,30.585209003215436,9.2,9,11,15.646467195686135,1.0717077324883197,1.166035949242175,86300,90260,20181.802,3.029,2245.453,0.003,15.21,32.10000000000001,0.4271484315395355,4.999999873689376e-05,-0.023038926,-0.030459195,0.0075153755,0.99709934,0.01367645,0.5936982,0.009999999776482582
-119.0,-167.0,-132.72,56.23,20,1161,False,91421,932,79,88a5a54dea2b4b02b892b1671dbd63ef,2021-08-16_08-46-28,1629103588,21.751757621765137,1822.5648310184479,26862,gpu-os03,132.68.52.223,1822.5648310184479,91421,79,0,2beb6ed8,"0_rules=_home_lina_NeuroCuts_packet_classification_classbench_acl5_1k,tree_gae_lambda=0.95",24.67620578778135,21.787781350482316,30.585209003215436,9.16,9,11,0.0,0,0,9.16,9,11,0.0,0,0,0.0,0,0,1536.82,1289,1941,0.0,0.0,0.0,56.23,49,68,9.16,9,11,1536.82,1289,1941,56.23,49,68,24.67620578778135,21.787781350482316,30.585209003215436,9.16,9,11,15.646675359472729,1.0709010882540353,1.1664427080725235,87400,91421,20095.332,3.06,2264.806,0.004,15.686206896551724,32.10000000000001,0.4271484315395355,4.999999873689376e-05,0.01297595,-0.032091793,0.043784533,0.9845545,0.016913874,0.59415287,0.009999999776482582
-119.0,-154.0,-132.02,56.5,20,1161,False,92582,952,80,88a5a54dea2b4b02b892b1671dbd63ef,2021-08-16_08-46-50,1629103610,21.54113221168518,1844.105963230133,26862,gpu-os03,132.68.52.223,1844.105963230133,92582,80,0,2beb6ed8,"0_rules=_home_lina_NeuroCuts_packet_classification_classbench_acl5_1k,tree_gae_lambda=0.95",24.56553054662379,21.787781350482316,30.585209003215436,9.12,9,10,0.0,0,0,9.12,9,10,0.0,0,0,0.0,0,0,1548.46,1289,1941,0.0,0.0,0.0,56.5,49,68,9.12,9,10,1548.46,1289,1941,56.5,49,68,24.56553054662379,21.787781350482316,30.585209003215436,9.12,9,10,15.6433590612907,1.0700975684801382,1.1668148745608955,88500,92582,20047.684,3.067,2268.36,0.004,16.02333333333333,32.10000000000001,0.4271484315395355,4.999999873689376e-05,-0.015969139,-0.036277547,0.022222308,0.9918034,0.008811366,0.56776613,0.009999999776482582
-119.0,-150.0,-131.62,56.91,20,1151,False,93733,972,81,88a5a54dea2b4b02b892b1671dbd63ef,2021-08-16_08-47-11,1629103631,21.435771226882935,1865.541734457016,26862,gpu-os03,132.68.52.223,1865.541734457016,93733,81,0,2beb6ed8,"0_rules=_home_lina_NeuroCuts_packet_classification_classbench_acl5_1k,tree_gae_lambda=0.95",24.121436227224013,21.787781350482316,28.919614147909968,9.14,9,10,0.0,0,0,9.14,9,10,0.0,0,0,0.0,0,0,1556.8,1289,1761,0.0,0.0,0.0,56.91,49,63,9.14,9,10,1556.8,1289,1761,56.91,49,63,24.121436227224013,21.787781350482316,28.919614147909968,9.14,9,10,15.634942082087546,1.0693031801609933,1.1675340746010985,89600,93733,19913.674,3.145,2291.799,0.004,15.482758620689655,32.10000000000001,0.4271484315395355,4.999999873689376e-05,-0.016945954,-0.046360448,0.02886383,0.98942655,0.015069618,0.5886302,0.009999999776482582
-122.0,-150.0,-132.59,57.77,20,1177,False,94910,992,82,88a5a54dea2b4b02b892b1671dbd63ef,2021-08-16_08-47-33,1629103653,21.723424434661865,1887.2651588916779,26862,gpu-os03,132.68.52.223,1887.2651588916779,94910,82,0,2beb6ed8,"0_rules=_home_lina_NeuroCuts_packet_classification_classbench_acl5_1k,tree_gae_lambda=0.95",24.017020364415863,21.95498392282958,28.919614147909968,9.14,9,10,0.0,0,0,9.14,9,10,0.0,0,0,0.0,0,0,1576.78,1309,1765,0.0,0.0,0.0,57.77,51,64,9.14,9,10,1576.78,1309,1765,57.77,51,64,24.017020364415863,21.95498392282958,28.919614147909968,9.14,9,10,15.621246463547434,1.0685182982052563,1.1682204714230198,90700,94910,19875.258,3.127,2295.026,0.004,15.43793103448276,32.10000000000001,0.4271484315395355,4.999999873689376e-05,-0.006059122,-0.049497053,0.04502672,0.9832441,0.00988661,0.58118284,0.009999999776482582
-121.0,-150.0,-133.53,58.07,20,1157,False,96067,1012,83,88a5a54dea2b4b02b892b1671dbd63ef,2021-08-16_08-47-55,1629103675,21.752506971359253,1909.017665863037,26862,gpu-os03,132.68.52.223,1909.017665863037,96067,83,0,2beb6ed8,"0_rules=_home_lina_NeuroCuts_packet_classification_classbench_acl5_1k,tree_gae_lambda=0.95",24.0178563772776,21.95498392282958,29.142550911039656,9.21,9,10,0.0,0,0,9.21,9,10,0.0,0,0,0.0,0,0,1587.46,1309,1765,0.0,0.0,0.0,58.07,51,64,9.21,9,10,1587.46,1309,1765,58.07,51,64,24.0178563772776,21.95498392282958,29.142550911039656,9.21,9,10,15.606179486504598,1.0677521518445692,1.1685369464422586,91800,96067,19819.611,3.194,2297.83,0.004,15.4,32.10000000000001,0.4271484315395355,4.999999873689376e-05,0.007581535,-0.033742342,0.040684484,0.9869391,0.0151055725,0.581292,0.009999999776482582
-121.0,-157.0,-133.4,58.47,20,1201,False,97268,1032,84,88a5a54dea2b4b02b892b1671dbd63ef,2021-08-16_08-48-16,1629103696,21.295475721359253,1930.3131415843964,26862,gpu-os03,132.68.52.223,1930.3131415843964,97268,84,0,2beb6ed8,"0_rules=_home_lina_NeuroCuts_packet_classification_classbench_acl5_1k,tree_gae_lambda=0.95",23.892411575562697,22.021436227224008,29.142550911039656,9.19,9,11,0.0,0,0,9.19,9,11,0.0,0,0,0.0,0,0,1591.78,1383,1777,0.0,0.0,0.0,58.47,51,66,9.19,9,11,1591.78,1383,1777,58.47,51,66,23.892411575562697,22.021436227224008,29.142550911039656,9.19,9,11,15.588205478319194,1.0673342815141627,1.16885497327118,93000,97268,19638.651,3.179,2319.878,0.004,15.658620689655173,32.10000000000001,0.4271484315395355,4.999999873689376e-05,0.008144309,-0.03673451,0.047765072,0.9831527,0.0076773227,0.6165615,0.009999999776482582
-121.0,-159.0,-133.32,58.63,20,1177,False,98445,1052,85,88a5a54dea2b4b02b892b1671dbd63ef,2021-08-16_08-48-37,1629103717,20.99623680114746,1951.3093783855438,26862,gpu-os03,132.68.52.223,1951.3093783855438,98445,85,0,2beb6ed8,"0_rules=_home_lina_NeuroCuts_packet_classification_classbench_acl5_1k,tree_gae_lambda=0.95",23.70765273311897,22.021436227224008,29.142550911039656,9.21,9,11,0.0,0,0,9.21,9,11,0.0,0,0,0.0,0,0,1588.8,1377,1777,0.0,0.0,0.0,58.63,51,66,9.21,9,11,1588.8,1377,1777,58.63,51,66,23.70765273311897,22.021436227224008,29.142550911039656,9.21,9,11,15.568999838461595,1.0669362700689626,1.169165358957355,94100,98445,19470.581,3.184,2319.353,0.004,15.855172413793104,32.10000000000001,0.4271484315395355,4.999999873689376e-05,-0.009587904,-0.05444547,0.0460183,0.98110276,0.010692841,0.57281685,0.009999999776482582
-121.0,-159.0,-134.74,59.0,20,1188,False,99633,1072,86,88a5a54dea2b4b02b892b1671dbd63ef,2021-08-16_08-48-59,1629103739,21.84511113166809,1973.154489517212,26862,gpu-os03,132.68.52.223,1973.154489517212,99633,86,0,2beb6ed8,"0_rules=_home_lina_NeuroCuts_packet_classification_classbench_acl5_1k,tree_gae_lambda=0.95",23.865702036441586,22.021436227224008,29.142550911039656,9.23,9,11,0.0,0,0,9.23,9,11,0.0,0,0,0.0,0,0,1604.36,1377,1837,0.0,0.0,0.0,59.0,51,66,9.23,9,11,1604.36,1377,1837,59.0,51,66,23.865702036441586,22.021436227224008,29.142550911039656,9.23,9,11,15.549815001631723,1.0665315699005289,1.1694325699715267,95200,99633,19367.775,3.164,2314.129,0.004,14.66551724137931,32.10000000000001,0.4271484315395355,4.999999873689376e-05,0.0137375025,-0.028916972,0.04467267,0.984737,0.008000667,0.5435664,0.009999999776482582
-117.0,-159.0,-134.25,59.06,20,1183,True,100816,1092,87,88a5a54dea2b4b02b892b1671dbd63ef,2021-08-16_08-49-20,1629103760,21.27841281890869,1994.4329023361206,26862,gpu-os03,132.68.52.223,1994.4329023361206,100816,87,0,2beb6ed8,"0_rules=_home_lina_NeuroCuts_packet_classification_classbench_acl5_1k,tree_gae_lambda=0.95",23.76171489817792,21.809217577706324,29.142550911039656,9.21,9,11,0.0,0,0,9.21,9,11,0.0,0,0,0.0,0,0,1610.92,1301,1837,0.0,0.0,0.0,59.06,49,67,9.21,9,11,1610.92,1301,1837,59.06,49,67,23.76171489817792,21.809217577706324,29.142550911039656,9.21,9,11,15.530107634158039,1.0661061133737209,1.1696746288398547,96300,100816,19230.805,3.137,2331.568,0.004,16.233333333333334,32.10000000000001,0.4271484315395355,4.999999873689376e-05,-0.009127483,-0.02928003,0.019297808,0.9932846,0.01471225,0.5429581,0.009999999776482582
